{"R2_train": -1.2235050201416016, "RMSE_train": 135.72398376464844, "R2_validation": -5.043568134307861, "RMSE_validation": 172.9123077392578, "training duration": 2.549470901489258, "inference_latency": 0.0001556269110065617}