{"R2_train": -1.649310827255249, "RMSE_train": 96.03255462646484, "R2_validation": -2.303252935409546, "RMSE_validation": 72.75618743896484, "training duration": 3.864741086959839, "inference_latency": 0.00015336013820073377}