{"R2_train": -66.94811248779297, "RMSE_train": 90.67371368408203, "R2_validation": 0.06708300113677979, "RMSE_validation": 242.90048217773438, "training duration": 4.750741004943848, "inference_latency": 0.0001641146124225773}