{"R2_train": -3.0009870529174805, "RMSE_train": 58.00715637207031, "R2_validation": -0.160608172416687, "RMSE_validation": 74.46491241455078, "training duration": 4.585706949234009, "inference_latency": 0.00015617951954880805}