{"R2_train": -95.9114761352539, "RMSE_train": 108.28799438476562, "R2_validation": -6.312980651855469, "RMSE_validation": 101.5535888671875, "training duration": 4.427824974060059, "inference_latency": 0.00014928856941118633}