{"R2_train": -1882.7703857421875, "RMSE_train": 151.90847778320312, "R2_validation": -2.21042537689209, "RMSE_validation": 169.48712158203125, "training duration": 4.833978176116943, "inference_latency": 0.0001529388231773899}