{"R2_train": -0.0613551139831543, "RMSE_train": 119.01615142822266, "R2_validation": -0.013092398643493652, "RMSE_validation": 52.21090316772461, "training duration": 2.0977110862731934, "inference_latency": 0.00014181267725278253}