{"R2_train": 0.2607724070549011, "RMSE_train": 1.8573445081710815, "R2_validation": -0.010526061058044434, "RMSE_validation": 1.005249261856079, "training duration": 2.0865561962127686, "inference_latency": 0.00014213503223575957}