{"R2_train": -1.046464204788208, "RMSE_train": 22.888750076293945, "R2_validation": -0.02001190185546875, "RMSE_validation": 189.98324584960938, "training duration": 4.757390260696411, "inference_latency": 0.00021438370012257196}