{"R2_train": 0.0, "RMSE_train": 0.5902194380760193, "R2_validation": -0.16991794109344482, "RMSE_validation": 1.0816274881362915, "training duration": 2.471630096435547, "inference_latency": 0.00016928339657718187}