{"R2_train": 0.48041999340057373, "RMSE_train": 110.64571380615234, "R2_validation": -5.039559841156006, "RMSE_validation": 79.00559997558594, "training duration": 4.6548850536346436, "inference_latency": 0.00016189160412305022}