{"R2_train": -4.071233749389648, "RMSE_train": 102.54501342773438, "R2_validation": -1.4445793628692627, "RMSE_validation": 210.12269592285156, "training duration": 2.032396078109741, "inference_latency": 0.00013917831525410692}