{"R2_train": -2.2683322429656982, "RMSE_train": 34.1211051940918, "R2_validation": 0.22892606258392334, "RMSE_validation": 55.18300247192383, "training duration": 2.4808740615844727, "inference_latency": 0.00015626998796854934}