{"R2_train": 0.0, "RMSE_train": 0.2803962528705597, "R2_validation": 0.0, "RMSE_validation": 0.6768020391464233, "training duration": 2.7540087699890137, "inference_latency": 0.00017433917685730818}