{"R2_train": 0.42880386114120483, "RMSE_train": 0.7125517129898071, "R2_validation": 0.4954225420951843, "RMSE_validation": 0.35516807436943054, "training duration": 3.2833080291748047, "inference_latency": 0.00033440393944309183}