{"R2_train": -0.09782397747039795, "RMSE_train": 6.286625862121582, "R2_validation": -1.5805726051330566, "RMSE_validation": 287.9755859375, "training duration": 4.2065043449401855, "inference_latency": 0.0001513406021954262}