{"R2_train": -447.29412841796875, "RMSE_train": 84.69183349609375, "R2_validation": -3.9556093215942383, "RMSE_validation": 175.49940490722656, "training duration": 5.147296905517578, "inference_latency": 0.0001844182406386284}