{"R2_train": -3.8064680099487305, "RMSE_train": 178.65953063964844, "R2_validation": -6.762547492980957, "RMSE_validation": 156.58847045898438, "training duration": 2.5028297901153564, "inference_latency": 0.0001633497133646926}