{"R2_train": NaN, "RMSE_train": NaN, "R2_validation": NaN, "RMSE_validation": NaN, "training duration": 4.0060179233551025, "inference_latency": 0.00015499428526995933}