{"R2_train": -20.218185424804688, "RMSE_train": 156.61488342285156, "R2_validation": -1.676760196685791, "RMSE_validation": 275.28729248046875, "training duration": 4.24478006362915, "inference_latency": 0.00015456023281567718}