{"R2_train": -30.647613525390625, "RMSE_train": 118.13804626464844, "R2_validation": -7.464632987976074, "RMSE_validation": 134.69158935546875, "training duration": 5.605676889419556, "inference_latency": 0.00020405054092407227}