{"R2_train": -9.59410285949707, "RMSE_train": 16.2742919921875, "R2_validation": 0.22609585523605347, "RMSE_validation": 147.0662841796875, "training duration": 4.296921730041504, "inference_latency": 0.00019344826267190176}