{"R2_train": NaN, "RMSE_train": NaN, "R2_validation": NaN, "RMSE_validation": NaN, "training duration": 3.9598889350891113, "inference_latency": 0.00015125356308401448}