{"R2_train": -2.2839951515197754, "RMSE_train": 82.12993621826172, "R2_validation": -0.32255399227142334, "RMSE_validation": 190.26959228515625, "training duration": 2.717758893966675, "inference_latency": 0.00019046443782440604}