{"R2_train": -2.2318406105041504, "RMSE_train": 107.86392211914062, "R2_validation": -9.406235694885254, "RMSE_validation": 101.1015625, "training duration": 5.490679025650024, "inference_latency": 0.00018085061687312713}