{"R2_train": -0.07592082023620605, "RMSE_train": 45.12107467651367, "R2_validation": -1.029585599899292, "RMSE_validation": 136.30975341796875, "training duration": 4.757611036300659, "inference_latency": 0.00016211303946090072}