{"R2_train": 0.641221284866333, "RMSE_train": 0.2823624908924103, "R2_validation": 0.6689075231552124, "RMSE_validation": 0.28770318627357483, "training duration": 2.611905097961426, "inference_latency": 0.00016519990685867937}