{"R2_train": -35.897525787353516, "RMSE_train": 2.863468885421753, "R2_validation": 0.0, "RMSE_validation": 1.7961268424987793, "training duration": 2.8009510040283203, "inference_latency": 0.0001766815577467827}