{"R2_train": -1.3437209129333496, "RMSE_train": 398.97344970703125, "R2_validation": -8.670083045959473, "RMSE_validation": 108.01367950439453, "training duration": 2.3735711574554443, "inference_latency": 0.0001491798113470208}