{"R2_train": 0.0, "RMSE_train": 2.774482011795044, "R2_validation": -2.3401849269866943, "RMSE_validation": 1.8276172876358032, "training duration": 3.3124840259552, "inference_latency": 0.000201586174638304}