{"R2_train": -634.6288452148438, "RMSE_train": 126.05840301513672, "R2_validation": -2.0411341190338135, "RMSE_validation": 145.4779052734375, "training duration": 4.049573183059692, "inference_latency": 0.00016047317687779256}