{"R2_train": -0.045845746994018555, "RMSE_train": 0.4820893108844757, "R2_validation": 0.0, "RMSE_validation": 0.09488832950592041, "training duration": 3.7736291885375977, "inference_latency": 0.0002190534382650297}