{"R2_train": -32.34688186645508, "RMSE_train": 158.8035888671875, "R2_validation": -3.7618680000305176, "RMSE_validation": 149.15977478027344, "training duration": 4.657821893692017, "inference_latency": 0.00016848567413957151}