{"R2_train": -185317728.0, "RMSE_train": 1728869.5, "R2_validation": -5102874624.0, "RMSE_validation": 1725089.125, "training duration": 4.361370801925659, "inference_latency": 0.0001762360742647354}