{"R2_train": 0.0, "RMSE_train": 3.435023546218872, "R2_validation": 0.0, "RMSE_validation": 3.987895965576172, "training duration": 3.387247085571289, "inference_latency": 0.000303419975385274}