{"R2_train": -2.3394861221313477, "RMSE_train": 167.20948791503906, "R2_validation": -1.5958027839660645, "RMSE_validation": 171.75706481933594, "training duration": 3.748223066329956, "inference_latency": 0.00014680085116869782}