{"R2_train": -2.6843748092651367, "RMSE_train": 1.8096961975097656, "R2_validation": -2.6946592330932617, "RMSE_validation": 1.922149658203125, "training duration": 2.39408278465271, "inference_latency": 0.00015765542853368473}