{"accuracy": 0.384, "precision": 0.3661924482085772, "recall": 0.38477225672877846, "F1": 0.34829431909936015}