{"accuracy": 0.368, "precision": 0.3612850327966607, "recall": 0.3906547619047619, "F1": 0.34684644006856474}