{"accuracy": 0.344, "precision": 0.33288918853484334, "recall": 0.3305070225582396, "F1": 0.3193620414673046}