{"accuracy": 0.392, "precision": 0.29783549783549784, "recall": 0.3451923076923077, "F1": 0.2845095568062387}