{"R2_train": NaN, "RMSE_train": NaN, "R2_validation": NaN, "RMSE_validation": NaN, "training duration": 2.2577810287475586, "inference_latency": 0.0001509016507292447}