{"R2_train": -1.5758121013641357, "RMSE_train": 272.0362548828125, "R2_validation": -2.5363664627075195, "RMSE_validation": 357.228515625, "training duration": 4.220304250717163, "inference_latency": 0.00018692490172712771}