{"R2_train": NaN, "RMSE_train": NaN, "R2_validation": NaN, "RMSE_validation": NaN, "training duration": 2.5008797645568848, "inference_latency": 0.00014852758956282106}