{"R2_train": 0.29339599609375, "RMSE_train": 163.07589721679688, "R2_validation": 0.0742713212966919, "RMSE_validation": 75.99864959716797, "training duration": 4.468464136123657, "inference_latency": 0.00019527445100758173}