{"R2_train": -97.2401351928711, "RMSE_train": 138.05284118652344, "R2_validation": -7.40631103515625, "RMSE_validation": 215.76898193359375, "training duration": 2.396562337875366, "inference_latency": 0.0001510878131814199}