{"R2_train": -0.062354326248168945, "RMSE_train": 0.9717587232589722, "R2_validation": -0.012524724006652832, "RMSE_validation": 1.0062428712844849, "training duration": 2.232846975326538, "inference_latency": 0.00015133733618749332}