{"R2_train": -2111.90087890625, "RMSE_train": 137.89891052246094, "R2_validation": -9.455367088317871, "RMSE_validation": 135.44705200195312, "training duration": 4.243791103363037, "inference_latency": 0.00015479146617732636}