{"R2_train": -0.3443096876144409, "RMSE_train": 135.8161163330078, "R2_validation": -13.168964385986328, "RMSE_validation": 68.39894104003906, "training duration": 2.6128969192504883, "inference_latency": 0.00017479478496394745}