{"accuracy": 0.416, "precision": 0.45795853269537473, "recall": 0.4166977225672877, "F1": 0.4009655025543804}