{"accuracy": 0.416, "precision": 0.3765714285714286, "recall": 0.38955128205128203, "F1": 0.36691227317952696}