{"accuracy": 0.344, "precision": 0.3336466165413533, "recall": 0.3308107699715205, "F1": 0.3129295704295704}