{"accuracy": 0.368, "precision": 0.34481812760882524, "recall": 0.36594996619337394, "F1": 0.3410878990934174}