{"R2_train": 0.5609427690505981, "RMSE_train": 33.462005615234375, "R2_validation": 0.23361730575561523, "RMSE_validation": 116.83094024658203, "training duration": 5.673452138900757, "inference_latency": 0.00018331939226960483}