{"R2_train": -12.898419380187988, "RMSE_train": 140.3629913330078, "R2_validation": -14.494226455688477, "RMSE_validation": 78.60231018066406, "training duration": 2.609522819519043, "inference_latency": 0.0001744825546055624}