{"R2_train": -3.4737191200256348, "RMSE_train": 70.47569274902344, "R2_validation": 0.43376392126083374, "RMSE_validation": 28.562294006347656, "training duration": 2.4345481395721436, "inference_latency": 0.00015632779630896164}