{"accuracy": 0.376, "precision": 0.45342044134727066, "recall": 0.36740165631469984, "F1": 0.361933066933067}