{"accuracy": 0.328, "precision": 0.36772372742200327, "recall": 0.35057539682539685, "F1": 0.32278428346180277}