{"accuracy": 0.432, "precision": 0.396182183633458, "recall": 0.40301282051282056, "F1": 0.38828325478571785}