{"accuracy": 0.32, "precision": 0.29201178451178456, "recall": 0.29371183949023705, "F1": 0.2819277108433734}