{"R2_train": -11.110190391540527, "RMSE_train": 123.53893280029297, "R2_validation": -4.890138626098633, "RMSE_validation": 197.17095947265625, "training duration": 4.252987861633301, "inference_latency": 0.00014755546230159393}