{"R2_train": -4.755676746368408, "RMSE_train": 2.261892557144165, "R2_validation": -33.393707275390625, "RMSE_validation": 2.932307481765747, "training duration": 2.3868417739868164, "inference_latency": 0.00015221066670875025}