{"R2_train": -25.233386993408203, "RMSE_train": 2.4144656658172607, "R2_validation": -17.165647506713867, "RMSE_validation": 2.131058931350708, "training duration": 2.106165885925293, "inference_latency": 0.00014456363573466262}