{"accuracy": 0.352, "precision": 0.3203428018522358, "recall": 0.3180448717948718, "F1": 0.3085166803331751}