{"accuracy": 0.312, "precision": 0.3049815173384967, "recall": 0.2981075972708833, "F1": 0.28265447594887655}