{"accuracy": 0.288, "precision": 0.29222551033871785, "recall": 0.31406832298136644, "F1": 0.2645316187658259}