{"accuracy": 0.304, "precision": 0.34015651015651016, "recall": 0.2985936443542935, "F1": 0.2656080530081568}